month,avg_gas_price
2024-01,3.223
2024-02,3.483
2024-03,3.91
2024-04,4.103
2024-05,4.133
2024-06,4.053
2024-07,4.123
2024-08,3.985
2024-09,3.617
2024-10,3.524
2024-11,3.303
2024-12,3.317
2025-01,3.324
2025-02,3.302
2025-03,3.382
2025-04,3.499
2025-05,3.483
2025-06,3.55
2025-07,3.561
2025-08,3.559
2025-09,3.566
2025-10,3.331
2025-11,3.346
